"STATION","STATION_NAME","DATE","TPCP","MNTM"
"GHCND:USC00235671","MOBERLY MO US",19360701,0.35,83.5
"GHCND:USC00235671","MOBERLY MO US",19360801,0.76,83.5
"GHCND:USC00235671","MOBERLY MO US",19360901,8.21,71.6
"GHCND:USC00235671","MOBERLY MO US",19361001,2.25,55
"GHCND:USC00235671","MOBERLY MO US",19361101,1.57,39.9
"GHCND:USC00235671","MOBERLY MO US",19361201,3.04,35.6
"GHCND:USC00235671","MOBERLY MO US",19370101,4.45,23.7
"GHCND:USC00235671","MOBERLY MO US",19370201,1.5,29.5
"GHCND:USC00235671","MOBERLY MO US",19370301,1.37,38.1
"GHCND:USC00235671","MOBERLY MO US",19370401,2.98,49.1
"GHCND:USC00235671","MOBERLY MO US",19370501,3.69,66
"GHCND:USC00235671","MOBERLY MO US",19370601,3.82,72.5
"GHCND:USC00235671","MOBERLY MO US",19370701,3.01,76.8
"GHCND:USC00235671","MOBERLY MO US",19370801,2.43,78.3
"GHCND:USC00235671","MOBERLY MO US",19370901,1.42,66.2
"GHCND:USC00235671","MOBERLY MO US",19371001,1.41,53.8
"GHCND:USC00235671","MOBERLY MO US",19371101,1.85,36.5
"GHCND:USC00235671","MOBERLY MO US",19371201,0.95,28.9
"GHCND:USC00235671","MOBERLY MO US",19380101,2.88,29.8
"GHCND:USC00235671","MOBERLY MO US",19380201,1.44,37.6
"GHCND:USC00235671","MOBERLY MO US",19380301,4.39,52.5
"GHCND:USC00235671","MOBERLY MO US",19380401,3.63,53.2
"GHCND:USC00235671","MOBERLY MO US",19380501,6.03,63.3
"GHCND:USC00235671","MOBERLY MO US",19380601,5.15,70.7
"GHCND:USC00235671","MOBERLY MO US",19380701,4.04,79.3
"GHCND:USC00235671","MOBERLY MO US",19380801,4.54,79.5
"GHCND:USC00235671","MOBERLY MO US",19380901,0.87,69.8
"GHCND:USC00235671","MOBERLY MO US",19381001,1.28,63
"GHCND:USC00235671","MOBERLY MO US",19381101,4.13,45.1
"GHCND:USC00235671","MOBERLY MO US",19381201,1.74,33.8
"GHCND:USC00235671","MOBERLY MO US",19390101,1.61,36.7
"GHCND:USC00235671","MOBERLY MO US",19390201,1.11,30
"GHCND:USC00235671","MOBERLY MO US",19390301,4.26,44.4
"GHCND:USC00235671","MOBERLY MO US",19390401,3.47,52
"GHCND:USC00235671","MOBERLY MO US",19390501,3.61,67.3
"GHCND:USC00235671","MOBERLY MO US",19390601,7.09,73.8
"GHCND:USC00235671","MOBERLY MO US",19390701,3.54,79.2
"GHCND:USC00235671","MOBERLY MO US",19390801,5.47,73
"GHCND:USC00235671","MOBERLY MO US",19390901,0.25,73.8
"GHCND:USC00235671","MOBERLY MO US",19391001,1.67,59.9
"GHCND:USC00235671","MOBERLY MO US",19391101,2.74,41.7
"GHCND:USC00235671","MOBERLY MO US",19391201,0.78,36.9
"GHCND:USC00235671","MOBERLY MO US",19400101,0.86,11.7
"GHCND:USC00235671","MOBERLY MO US",19400201,1.22,31.6
"GHCND:USC00235671","MOBERLY MO US",19400301,1.98,40.3
"GHCND:USC00235671","MOBERLY MO US",19400401,2.76,52.9
"GHCND:USC00235671","MOBERLY MO US",19400501,1.05,62.2
"GHCND:USC00235671","MOBERLY MO US",19400601,2.78,73.2
"GHCND:USC00235671","MOBERLY MO US",19400701,0.38,77.4
"GHCND:USC00235671","MOBERLY MO US",19400801,5.73,75.2
"GHCND:USC00235671","MOBERLY MO US",19400901,0,69.1
"GHCND:USC00235671","MOBERLY MO US",19401001,2.93,62.8
"GHCND:USC00235671","MOBERLY MO US",19401101,3.33,40.5
"GHCND:USC00235671","MOBERLY MO US",19401201,2.12,38.1
"GHCND:USC00235671","MOBERLY MO US",19410101,4.49,32.2
"GHCND:USC00235671","MOBERLY MO US",19410201,0.77,31.6
"GHCND:USC00235671","MOBERLY MO US",19410301,0.33,40.5
"GHCND:USC00235671","MOBERLY MO US",19410401,2.49,57.9
"GHCND:USC00235671","MOBERLY MO US",19410501,2.82,70.5
"GHCND:USC00235671","MOBERLY MO US",19410601,3.66,73.8
"GHCND:USC00235671","MOBERLY MO US",19410701,3.32,78.1
"GHCND:USC00235671","MOBERLY MO US",19410801,3.32,79.5
"GHCND:USC00235671","MOBERLY MO US",19410901,4.78,71.1
"GHCND:USC00235671","MOBERLY MO US",19411001,12.7,61
"GHCND:USC00235671","MOBERLY MO US",19411101,1.23,45.9
"GHCND:USC00235671","MOBERLY MO US",19411201,2.26,38.5
"GHCND:USC00235671","MOBERLY MO US",19420101,0.3,30.4
"GHCND:USC00235671","MOBERLY MO US",19420201,4.1,31.1
"GHCND:USC00235671","MOBERLY MO US",19420301,2.59,43.9
"GHCND:USC00235671","MOBERLY MO US",19420401,3.63,59.5
"GHCND:USC00235671","MOBERLY MO US",19421001,0.08,52.3
"GHCND:USC00235671","MOBERLY MO US",19421101,2.69,44.6
"GHCND:USC00235671","MOBERLY MO US",19421201,0.63,28
"GHCND:USC00235671","MOBERLY MO US",19430101,0.02,26.2
"GHCND:USC00235671","MOBERLY MO US",19430201,0.61,34.2
"GHCND:USC00235671","MOBERLY MO US",19430301,1.65,36.3
"GHCND:USC00235671","MOBERLY MO US",19430401,2.23,52.9
"GHCND:USC00235671","MOBERLY MO US",19430501,8.65,61.3
"GHCND:USC00235671","MOBERLY MO US",19430601,7.01,74.8
"GHCND:USC00235671","MOBERLY MO US",19430701,2.29,78.6
"GHCND:USC00235671","MOBERLY MO US",19430801,1.91,77.7
"GHCND:USC00235671","MOBERLY MO US",19430901,3.04,64.4
"GHCND:USC00235671","MOBERLY MO US",19431001,2.95,54.7
"GHCND:USC00235671","MOBERLY MO US",19431101,1.19,38.7
"GHCND:USC00235671","MOBERLY MO US",19431201,2.05,26.8
"GHCND:USC00235671","MOBERLY MO US",19440201,0.13,30.4
"GHCND:USC00235671","MOBERLY MO US",19440301,0.81,36.1
"GHCND:USC00235671","MOBERLY MO US",19440401,8.01,47.8
"GHCND:USC00235671","MOBERLY MO US",19440501,3.81,66.9
"GHCND:USC00235671","MOBERLY MO US",19440601,2.13,75
"GHCND:USC00235671","MOBERLY MO US",19440701,1.35,76.5
"GHCND:USC00235671","MOBERLY MO US",19440801,6.28,74.1
"GHCND:USC00235671","MOBERLY MO US",19440901,1.89,67.8
"GHCND:USC00235671","MOBERLY MO US",19441001,1.56,57.7
"GHCND:USC00235671","MOBERLY MO US",19441101,3.87,44.2
"GHCND:USC00235671","MOBERLY MO US",19441201,0.92,24.6
"GHCND:USC00235671","MOBERLY MO US",19450101,0.57,24.6
"GHCND:USC00235671","MOBERLY MO US",19450201,0.71,31.8
"GHCND:USC00235671","MOBERLY MO US",19450301,4.58,50
"GHCND:USC00235671","MOBERLY MO US",19450401,8.39,54.1
"GHCND:USC00235671","MOBERLY MO US",19450501,3.67,58.8
"GHCND:USC00235671","MOBERLY MO US",19450601,6.61,67.3
"GHCND:USC00235671","MOBERLY MO US",19450701,2.52,73.2
"GHCND:USC00235671","MOBERLY MO US",19450801,3.55,75.4
"GHCND:USC00235671","MOBERLY MO US",19450901,8.43,66.7
"GHCND:USC00235671","MOBERLY MO US",19451001,0.96,54.9
"GHCND:USC00235671","MOBERLY MO US",19451101,0.82,43.9
"GHCND:USC00235671","MOBERLY MO US",19451201,1.02,22.5
"GHCND:USC00235671","MOBERLY MO US",19460101,2.19,30.7
"GHCND:USC00235671","MOBERLY MO US",19460201,0.98,36.5
"GHCND:USC00235671","MOBERLY MO US",19460301,2.45,53.6
"GHCND:USC00235671","MOBERLY MO US",19460401,2.85,57.6
"GHCND:USC00235671","MOBERLY MO US",19460501,3.32,60.1
"GHCND:USC00235671","MOBERLY MO US",19460601,4.23,72.7
"GHCND:USC00235671","MOBERLY MO US",19460701,1.85,77.9
"GHCND:USC00235671","MOBERLY MO US",19460801,3.7,72.1
"GHCND:USC00235671","MOBERLY MO US",19460901,1.74,66.7
"GHCND:USC00235671","MOBERLY MO US",19470301,2.71,33.1
"GHCND:USC00235671","MOBERLY MO US",19470401,6.2,51.4
"GHCND:USC00235671","MOBERLY MO US",19470501,4.68,60.3
"GHCND:USC00235671","MOBERLY MO US",19470601,9.02,70.2
"GHCND:USC00235671","MOBERLY MO US",19470701,1.95,73.8
"GHCND:USC00235671","MOBERLY MO US",19470801,0.35,83.3
"GHCND:USC00235671","MOBERLY MO US",19470901,5.42,71.1
"GHCND:USC00235671","MOBERLY MO US",19471001,2.5,63.9
"GHCND:USC00235671","MOBERLY MO US",19471101,2.18,37.4
"GHCND:USC00235671","MOBERLY MO US",19480101,0.22,21.7
"GHCND:USC00235671","MOBERLY MO US",19480201,0.46,29.3
"GHCND:USC00235671","MOBERLY MO US",19480301,4.27,39.7
"GHCND:USC00235671","MOBERLY MO US",19480401,1.6,58.5
"GHCND:USC00235671","MOBERLY MO US",19480501,1.25,63
"GHCND:USC00235671","MOBERLY MO US",19480601,3.52,73
"GHCND:USC00235671","MOBERLY MO US",19480701,4.8,77.4
"GHCND:USC00235671","MOBERLY MO US",19480801,3.16,76.1
"GHCND:USC00235671","MOBERLY MO US",19481101,-9999,45.5
"GHCND:USC00235671","MOBERLY MO US",19481201,1.1,34
"GHCND:USC00235671","MOBERLY MO US",19490101,2.17,25.3
"GHCND:USC00235671","MOBERLY MO US",19490201,0.2,30.7
"GHCND:USC00235671","MOBERLY MO US",19490301,2.15,40.1
"GHCND:USC00235671","MOBERLY MO US",19490501,4.34,67.3
"GHCND:USC00235671","MOBERLY MO US",19490801,3.02,74.1
"GHCND:USC00235671","MOBERLY MO US",19491001,3.69,60.1
"GHCND:USC00235671","MOBERLY MO US",19491101,0.6,47.8
"GHCND:USC00235671","MOBERLY MO US",19491201,0,37.2
"GHCND:USC00235671","MOBERLY MO US",19500101,-9999,33.1
"GHCND:USC00235671","MOBERLY MO US",19500201,1.24,34.9
"GHCND:USC00235671","MOBERLY MO US",19500301,1.37,39.4
"GHCND:USC00235671","MOBERLY MO US",19500401,2.43,50.4
"GHCND:USC00235671","MOBERLY MO US",19500501,3.33,65.3
"GHCND:USC00235671","MOBERLY MO US",19500601,4.63,72.1
"GHCND:USC00235671","MOBERLY MO US",19500701,3.56,72.9
"GHCND:USC00235671","MOBERLY MO US",19500801,5.2,70.7
"GHCND:USC00235671","MOBERLY MO US",19500901,0.22,66.6
"GHCND:USC00235671","MOBERLY MO US",19501001,0.49,63.7
"GHCND:USC00235671","MOBERLY MO US",19501101,0.75,38.3
"GHCND:USC00235671","MOBERLY MO US",19501201,0.09,28
"GHCND:USC00235671","MOBERLY MO US",19510101,1.1,31.3
"GHCND:USC00235671","MOBERLY MO US",19510201,4.06,33.6
"GHCND:USC00235671","MOBERLY MO US",19510301,4.49,38.1
"GHCND:USC00235671","MOBERLY MO US",19510401,2.68,50.2
"GHCND:USC00235671","MOBERLY MO US",19510501,2.01,65.3
"GHCND:USC00235671","MOBERLY MO US",19510601,5.76,69.8
"GHCND:USC00235671","MOBERLY MO US",19510701,2.43,75.9
"GHCND:USC00235671","MOBERLY MO US",19510801,6.7,75.4
"GHCND:USC00235671","MOBERLY MO US",19511001,1.66,57.9
"GHCND:USC00235671","MOBERLY MO US",19511101,2.54,36.9
"GHCND:USC00235671","MOBERLY MO US",19511201,1.13,30
"GHCND:USC00235671","MOBERLY MO US",19520101,0.39,32
"GHCND:USC00235671","MOBERLY MO US",19520201,2.15,37.4
"GHCND:USC00235671","MOBERLY MO US",19520301,3.41,38.5
"GHCND:USC00235671","MOBERLY MO US",19520401,2.47,52.9
"GHCND:USC00235671","MOBERLY MO US",19520501,4.67,63.5
"GHCND:USC00235671","MOBERLY MO US",19520601,4,78.1
"GHCND:USC00235671","MOBERLY MO US",19520701,2.12,77.5
"GHCND:USC00235671","MOBERLY MO US",19520801,10.76,73.2
"GHCND:USC00235671","MOBERLY MO US",19520901,1.63,66.9
"GHCND:USC00235671","MOBERLY MO US",19521001,0.44,52.2
"GHCND:USC00235671","MOBERLY MO US",19521101,2.07,42.8
"GHCND:USC00235671","MOBERLY MO US",19521201,1.85,33.8
"GHCND:USC00235671","MOBERLY MO US",19530101,0.9,31.3
"GHCND:USC00235671","MOBERLY MO US",19530201,1.79,37.8
"GHCND:USC00235671","MOBERLY MO US",19530301,4.82,43.2
"GHCND:USC00235671","MOBERLY MO US",19530401,2.17,49.8
"GHCND:USC00235671","MOBERLY MO US",19530501,3.2,63
"GHCND:USC00235671","MOBERLY MO US",19530601,1.64,78.4
"GHCND:USC00235671","MOBERLY MO US",19530701,2.16,78.3
"GHCND:USC00235671","MOBERLY MO US",19530801,3.01,76.6
"GHCND:USC00235671","MOBERLY MO US",19530901,0.07,70.7
"GHCND:USC00235671","MOBERLY MO US",19531001,2.41,59.9
"GHCND:USC00235671","MOBERLY MO US",19531101,0.83,45.5
"GHCND:USC00235671","MOBERLY MO US",19531201,0.64,34.9
"GHCND:USC00235671","MOBERLY MO US",19540101,0.38,28.9
"GHCND:USC00235671","MOBERLY MO US",19540201,1.34,41.7
"GHCND:USC00235671","MOBERLY MO US",19540301,1.75,40.1
"GHCND:USC00235671","MOBERLY MO US",19540401,6.69,59.9
"GHCND:USC00235671","MOBERLY MO US",19540501,3.61,59.7
"GHCND:USC00235671","MOBERLY MO US",19540601,2.36,75.7
"GHCND:USC00235671","MOBERLY MO US",19540701,1.09,83.1
"GHCND:USC00235671","MOBERLY MO US",19540801,7.27,77.4
"GHCND:USC00235671","MOBERLY MO US",19540901,2.22,71.8
"GHCND:USC00235671","MOBERLY MO US",19541001,6.27,57
"GHCND:USC00235671","MOBERLY MO US",19541101,0.25,45.3
"GHCND:USC00235671","MOBERLY MO US",19541201,1.56,34.3
"GHCND:USC00235671","MOBERLY MO US",19550101,1.82,29.7
"GHCND:USC00235671","MOBERLY MO US",19550201,2.84,31.8
"GHCND:USC00235671","MOBERLY MO US",19550301,0.3,42.3
"GHCND:USC00235671","MOBERLY MO US",19550401,2.98,60.4
"GHCND:USC00235671","MOBERLY MO US",19550501,5.61,65.3
"GHCND:USC00235671","MOBERLY MO US",19550601,5.5,68
"GHCND:USC00235671","MOBERLY MO US",19550701,6.27,79.5
"GHCND:USC00235671","MOBERLY MO US",19550801,4.53,76.3
"GHCND:USC00235671","MOBERLY MO US",19550901,2.06,69.6
"GHCND:USC00235671","MOBERLY MO US",19551001,4.77,56.5
"GHCND:USC00235671","MOBERLY MO US",19551101,0.18,38.3
"GHCND:USC00235671","MOBERLY MO US",19551201,0.22,29.8
"GHCND:USC00235671","MOBERLY MO US",19560101,0.26,27.5
"GHCND:USC00235671","MOBERLY MO US",19560201,1.35,32
"GHCND:USC00235671","MOBERLY MO US",19560301,0.29,42.6
"GHCND:USC00235671","MOBERLY MO US",19560401,3.8,52
"GHCND:USC00235671","MOBERLY MO US",19560501,4.16,67.5
"GHCND:USC00235671","MOBERLY MO US",19560601,1.38,74.3
"GHCND:USC00235671","MOBERLY MO US",19560701,9.89,76.1
"GHCND:USC00235671","MOBERLY MO US",19560801,4.13,76.8
"GHCND:USC00235671","MOBERLY MO US",19560901,0,69.3
"GHCND:USC00235671","MOBERLY MO US",19561001,0.42,63.1
"GHCND:USC00235671","MOBERLY MO US",19561101,0.59,43.3
"GHCND:USC00235671","MOBERLY MO US",19561201,1.66,34.3
"GHCND:USC00235671","MOBERLY MO US",19570101,1.81,24.3
"GHCND:USC00235671","MOBERLY MO US",19570201,1.67,37.9
"GHCND:USC00235671","MOBERLY MO US",19570301,2.6,40.8
"GHCND:USC00235671","MOBERLY MO US",19570401,3.47,53.8
"GHCND:USC00235671","MOBERLY MO US",19570501,5.08,63.9
"GHCND:USC00235671","MOBERLY MO US",19570601,3.28,72.7
"GHCND:USC00235671","MOBERLY MO US",19570701,1.91,79.2
"GHCND:USC00235671","MOBERLY MO US",19570801,1.14,76.6
"GHCND:USC00235671","MOBERLY MO US",19570901,3.63,65.7
"GHCND:USC00235671","MOBERLY MO US",19571001,4.83,54
"GHCND:USC00235671","MOBERLY MO US",19571101,1.79,41.4
"GHCND:USC00235671","MOBERLY MO US",19571201,2.76,37.6
"GHCND:USC00235671","MOBERLY MO US",19580101,1.22,28.8
"GHCND:USC00235671","MOBERLY MO US",19580201,1.03,23.9
"GHCND:USC00235671","MOBERLY MO US",19580301,1.2,36.5
"GHCND:USC00235671","MOBERLY MO US",19580401,1.61,53.8
"GHCND:USC00235671","MOBERLY MO US",19580501,2.67,64.2
"GHCND:USC00235671","MOBERLY MO US",19580601,6.11,69.4
"GHCND:USC00235671","MOBERLY MO US",19580701,14.81,73.9
"GHCND:USC00235671","MOBERLY MO US",19580801,2.72,74.7
"GHCND:USC00235671","MOBERLY MO US",19580901,2.27,67.1
"GHCND:USC00235671","MOBERLY MO US",19581001,1.09,57.9
"GHCND:USC00235671","MOBERLY MO US",19581101,3.3,47.8
"GHCND:USC00235671","MOBERLY MO US",19581201,0.47,29.5
"GHCND:USC00235671","MOBERLY MO US",19590101,1.38,22.5
"GHCND:USC00235671","MOBERLY MO US",19590201,1.71,31.8
"GHCND:USC00235671","MOBERLY MO US",19590301,3.58,43.5
"GHCND:USC00235671","MOBERLY MO US",19590401,3.3,54.9
"GHCND:USC00235671","MOBERLY MO US",19590501,5.7,67.3
"GHCND:USC00235671","MOBERLY MO US",19590601,0.4,74.1
"GHCND:USC00235671","MOBERLY MO US",19590701,3.22,75.2
"GHCND:USC00235671","MOBERLY MO US",19590801,3.14,79.3
"GHCND:USC00235671","MOBERLY MO US",19590901,4.47,70.2
"GHCND:USC00235671","MOBERLY MO US",19591001,2.83,54.1
"GHCND:USC00235671","MOBERLY MO US",19591101,0.36,36.5
"GHCND:USC00235671","MOBERLY MO US",19591201,1.98,37.9
"GHCND:USC00235671","MOBERLY MO US",19600101,1.99,29.3
"GHCND:USC00235671","MOBERLY MO US",19600201,1.26,27.1
"GHCND:USC00235671","MOBERLY MO US",19600301,1.16,27.3
"GHCND:USC00235671","MOBERLY MO US",19600401,4.8,56.3
"GHCND:USC00235671","MOBERLY MO US",19600501,5.88,61.9
"GHCND:USC00235671","MOBERLY MO US",19600601,5.49,71.1
"GHCND:USC00235671","MOBERLY MO US",19600701,1.8,74.5
"GHCND:USC00235671","MOBERLY MO US",19600801,1.37,77
"GHCND:USC00235671","MOBERLY MO US",19600901,0.64,72
"GHCND:USC00235671","MOBERLY MO US",19601001,3.64,57.9
"GHCND:USC00235671","MOBERLY MO US",19601101,1.01,46
"GHCND:USC00235671","MOBERLY MO US",19601201,0.92,30
"GHCND:USC00235671","MOBERLY MO US",19610101,0.18,27.5
"GHCND:USC00235671","MOBERLY MO US",19610201,1.48,36
"GHCND:USC00235671","MOBERLY MO US",19610301,8.06,43.5
"GHCND:USC00235671","MOBERLY MO US",19610401,4.38,49.1
"GHCND:USC00235671","MOBERLY MO US",19610501,4.76,59.5
"GHCND:USC00235671","MOBERLY MO US",19610601,4.87,70.2
"GHCND:USC00235671","MOBERLY MO US",19610701,5.38,75
"GHCND:USC00235671","MOBERLY MO US",19610801,2.72,73.6
"GHCND:USC00235671","MOBERLY MO US",19610901,10.75,66.2
"GHCND:USC00235671","MOBERLY MO US",19611001,4,57.4
"GHCND:USC00235671","MOBERLY MO US",19611101,4.2,42.6
"GHCND:USC00235671","MOBERLY MO US",19611201,0.32,28.2
"GHCND:USC00235671","MOBERLY MO US",19620101,1.46,20.5
"GHCND:USC00235671","MOBERLY MO US",19620201,1.37,32.5
"GHCND:USC00235671","MOBERLY MO US",19620301,2.41,37.4
"GHCND:USC00235671","MOBERLY MO US",19620401,1.43,52.5
"GHCND:USC00235671","MOBERLY MO US",19620501,2.75,71.6
"GHCND:USC00235671","MOBERLY MO US",19620601,3.72,72.1
"GHCND:USC00235671","MOBERLY MO US",19620701,7.11,75.6
"GHCND:USC00235671","MOBERLY MO US",19620801,2.12,76.1
"GHCND:USC00235671","MOBERLY MO US",19620901,4.8,64.8
"GHCND:USC00235671","MOBERLY MO US",19621001,4.47,59
"GHCND:USC00235671","MOBERLY MO US",19621101,0.81,43.3
"GHCND:USC00235671","MOBERLY MO US",19621201,0.31,30.2
"GHCND:USC00235671","MOBERLY MO US",19630101,0.42,18.5
"GHCND:USC00235671","MOBERLY MO US",19630201,0.41,28
"GHCND:USC00235671","MOBERLY MO US",19630301,4.08,46
"GHCND:USC00235671","MOBERLY MO US",19630401,2.2,57.4
"GHCND:USC00235671","MOBERLY MO US",19630501,5.46,63.3
"GHCND:USC00235671","MOBERLY MO US",19630601,0.48,75.6
"GHCND:USC00235671","MOBERLY MO US",19630701,5.5,77.4
"GHCND:USC00235671","MOBERLY MO US",19630801,6.38,74.7
"GHCND:USC00235671","MOBERLY MO US",19630901,1.9,68.5
"GHCND:USC00235671","MOBERLY MO US",19631001,0.95,66.7
"GHCND:USC00235671","MOBERLY MO US",19631101,1.51,45.1
"GHCND:USC00235671","MOBERLY MO US",19631201,0.28,20.7
"GHCND:USC00235671","MOBERLY MO US",19640101,0.73,34.5
"GHCND:USC00235671","MOBERLY MO US",19640201,0.78,32.4
"GHCND:USC00235671","MOBERLY MO US",19640301,3.63,39.9
"GHCND:USC00235671","MOBERLY MO US",19640401,7.71,56.7
"GHCND:USC00235671","MOBERLY MO US",19640501,4.57,68.7
"GHCND:USC00235671","MOBERLY MO US",19640601,5.13,72.9
"GHCND:USC00235671","MOBERLY MO US",19640701,1.2,79.2
"GHCND:USC00235671","MOBERLY MO US",19640801,1.44,75.4
"GHCND:USC00235671","MOBERLY MO US",19640901,3.41,69.8
"GHCND:USC00235671","MOBERLY MO US",19641001,0.05,55.8
"GHCND:USC00235671","MOBERLY MO US",19641101,4.48,48.4
"GHCND:USC00235671","MOBERLY MO US",19641201,1.35,30.6
"GHCND:USC00235671","MOBERLY MO US",19650201,0.73,31.6
"GHCND:USC00235671","MOBERLY MO US",19650301,2.73,31.1
"GHCND:USC00235671","MOBERLY MO US",19650401,3.07,56.7
"GHCND:USC00235671","MOBERLY MO US",19650501,1.65,69.3
"GHCND:USC00235671","MOBERLY MO US",19650601,4.98,72.1
"GHCND:USC00235671","MOBERLY MO US",19650701,4.85,75.6
"GHCND:USC00235671","MOBERLY MO US",19650801,2.72,74.7
"GHCND:USC00235671","MOBERLY MO US",19650901,8.56,68.4
"GHCND:USC00235671","MOBERLY MO US",19651001,1.54,56.8
"GHCND:USC00235671","MOBERLY MO US",19651101,0.66,47.5
"GHCND:USC00235671","MOBERLY MO US",19651201,2.13,41.4
"GHCND:USC00235671","MOBERLY MO US",19660101,0.19,24.1
"GHCND:USC00235671","MOBERLY MO US",19660201,1.49,31.3
"GHCND:USC00235671","MOBERLY MO US",19660301,1.07,46.9
"GHCND:USC00235671","MOBERLY MO US",19660401,3.37,50.7
"GHCND:USC00235671","MOBERLY MO US",19660501,2.62,61.7
"GHCND:USC00235671","MOBERLY MO US",19660601,7.27,70.7
"GHCND:USC00235671","MOBERLY MO US",19660701,4.38,80.1
"GHCND:USC00235671","MOBERLY MO US",19660801,1.42,72.3
"GHCND:USC00235671","MOBERLY MO US",19660901,2.58,64.6
"GHCND:USC00235671","MOBERLY MO US",19661001,2,55.6
"GHCND:USC00235671","MOBERLY MO US",19661101,1.66,47.1
"GHCND:USC00235671","MOBERLY MO US",19661201,1.85,32.5
"GHCND:USC00235671","MOBERLY MO US",19670101,1.09,32.7
"GHCND:USC00235671","MOBERLY MO US",19670201,0.49,30.2
"GHCND:USC00235671","MOBERLY MO US",19670301,3.93,46.9
"GHCND:USC00235671","MOBERLY MO US",19670401,5.95,57.7
"GHCND:USC00235671","MOBERLY MO US",19670501,4.32,60.8
"GHCND:USC00235671","MOBERLY MO US",19670601,5.11,72
"GHCND:USC00235671","MOBERLY MO US",19670701,10.81,73.6
"GHCND:USC00235671","MOBERLY MO US",19670801,0.46,70.9
"GHCND:USC00235671","MOBERLY MO US",19670901,4.67,64.8
"GHCND:USC00235671","MOBERLY MO US",19671001,6.91,56.1
"GHCND:USC00235671","MOBERLY MO US",19671101,0.91,41.4
"GHCND:USC00235671","MOBERLY MO US",19680201,2.29,28.9
"GHCND:USC00235671","MOBERLY MO US",19680301,1.06,46.4
"GHCND:USC00235671","MOBERLY MO US",19680401,2.18,55.2
"GHCND:USC00235671","MOBERLY MO US",19680501,4.92,61.3
"GHCND:USC00235671","MOBERLY MO US",19680601,3.53,74.8
"GHCND:USC00235671","MOBERLY MO US",19680701,5.03,75.4
"GHCND:USC00235671","MOBERLY MO US",19680801,5.88,74.1
"GHCND:USC00235671","MOBERLY MO US",19680901,4.23,65.7
"GHCND:USC00235671","MOBERLY MO US",19681001,2.82,57.2
"GHCND:USC00235671","MOBERLY MO US",19681201,1.86,29.8
"GHCND:USC00235671","MOBERLY MO US",19690101,3.04,25
"GHCND:USC00235671","MOBERLY MO US",19690201,1.26,32
"GHCND:USC00235671","MOBERLY MO US",19690301,2.19,36
"GHCND:USC00235671","MOBERLY MO US",19690401,3.46,56.1
"GHCND:USC00235671","MOBERLY MO US",19690501,3.4,63.9
"GHCND:USC00235671","MOBERLY MO US",19690601,14.1,69.1
"GHCND:USC00235671","MOBERLY MO US",19690701,7.97,79.3
"GHCND:USC00235671","MOBERLY MO US",19690901,3.91,68
"GHCND:USC00235671","MOBERLY MO US",19691001,9.97,54.3
"GHCND:USC00235671","MOBERLY MO US",19691101,0.27,43.2
"GHCND:USC00235671","MOBERLY MO US",19691201,1.42,30
"GHCND:USC00235671","MOBERLY MO US",19700101,0.28,22.3
"GHCND:USC00235671","MOBERLY MO US",19700201,0.2,32.5
"GHCND:USC00235671","MOBERLY MO US",19700301,1.04,39
"GHCND:USC00235671","MOBERLY MO US",19700401,7.61,55.8
"GHCND:USC00235671","MOBERLY MO US",19700501,6.21,67.5
"GHCND:USC00235671","MOBERLY MO US",19700601,4.41,71.6
"GHCND:USC00235671","MOBERLY MO US",19700701,1.32,77.4
"GHCND:USC00235671","MOBERLY MO US",19700801,5.27,75.9
"GHCND:USC00235671","MOBERLY MO US",19700901,7.56,69.8
"GHCND:USC00235671","MOBERLY MO US",19701001,4.67,56.1
"GHCND:USC00235671","MOBERLY MO US",19701101,2.2,42.1
"GHCND:USC00235671","MOBERLY MO US",19701201,1.59,36.1
"GHCND:USC00235671","MOBERLY MO US",19710101,1.94,25.5
"GHCND:USC00235671","MOBERLY MO US",19710201,1.81,30.7
"GHCND:USC00235671","MOBERLY MO US",19710301,1.05,40.8
"GHCND:USC00235671","MOBERLY MO US",19710401,1.15,55.8
"GHCND:USC00235671","MOBERLY MO US",19710501,4.41,61.2
"GHCND:USC00235671","MOBERLY MO US",19710601,4.25,76.8
"GHCND:USC00235671","MOBERLY MO US",19710701,4.97,73.9
"GHCND:USC00235671","MOBERLY MO US",19710801,2.64,74.1
"GHCND:USC00235671","MOBERLY MO US",19710901,3.67,70.2
"GHCND:USC00235671","MOBERLY MO US",19711001,1.86,63.1
"GHCND:USC00235671","MOBERLY MO US",19711101,2,45
"GHCND:USC00235671","MOBERLY MO US",19711201,3.7,37.9
"GHCND:USC00235671","MOBERLY MO US",19720101,0.85,27.3
"GHCND:USC00235671","MOBERLY MO US",19720201,0.61,32.4
"GHCND:USC00235671","MOBERLY MO US",19720301,3.6,43.7
"GHCND:USC00235671","MOBERLY MO US",19720401,4.18,54.9
"GHCND:USC00235671","MOBERLY MO US",19720501,4,64.8
"GHCND:USC00235671","MOBERLY MO US",19720601,1.04,72.9
"GHCND:USC00235671","MOBERLY MO US",19720701,4.05,76.5
"GHCND:USC00235671","MOBERLY MO US",19720801,2.79,75.9
"GHCND:USC00235671","MOBERLY MO US",19720901,4.31,70.2
"GHCND:USC00235671","MOBERLY MO US",19721001,2.96,53.8
"GHCND:USC00235671","MOBERLY MO US",19721101,3.29,38.7
"GHCND:USC00235671","MOBERLY MO US",19721201,1.53,27.5
"GHCND:USC00235671","MOBERLY MO US",19730101,3.17,28.8
"GHCND:USC00235671","MOBERLY MO US",19730201,2.24,32.7
"GHCND:USC00235671","MOBERLY MO US",19730301,8.97,47.5
"GHCND:USC00235671","MOBERLY MO US",19730401,12.94,51.8
"GHCND:USC00235671","MOBERLY MO US",19730501,6.18,61.5
"GHCND:USC00235671","MOBERLY MO US",19730601,4.28,73.9
"GHCND:USC00235671","MOBERLY MO US",19730701,4.73,75.9
"GHCND:USC00235671","MOBERLY MO US",19730801,1.29,75.9
"GHCND:USC00235671","MOBERLY MO US",19730901,6.89,68.5
"GHCND:USC00235671","MOBERLY MO US",19731001,3.08,61.3
"GHCND:USC00235671","MOBERLY MO US",19731101,1.33,45.9
"GHCND:USC00235671","MOBERLY MO US",19731201,4.2,30.4
"GHCND:USC00235671","MOBERLY MO US",19740101,3.01,25.9
"GHCND:USC00235671","MOBERLY MO US",19740201,2.95,36
"GHCND:USC00235671","MOBERLY MO US",19740301,2,47.7
"GHCND:USC00235671","MOBERLY MO US",19740401,2.51,57.2
"GHCND:USC00235671","MOBERLY MO US",19740501,8.31,64.4
"GHCND:USC00235671","MOBERLY MO US",19740601,3.28,69.4
"GHCND:USC00235671","MOBERLY MO US",19740701,1.74,80.1
"GHCND:USC00235671","MOBERLY MO US",19740801,6.32,73.4
"GHCND:USC00235671","MOBERLY MO US",19740901,5.06,61
"GHCND:USC00235671","MOBERLY MO US",19741001,3.43,56.8
"GHCND:USC00235671","MOBERLY MO US",19741101,3.84,42.8
"GHCND:USC00235671","MOBERLY MO US",19741201,2.29,31.8
"GHCND:USC00235671","MOBERLY MO US",19750101,1.99,31.5
"GHCND:USC00235671","MOBERLY MO US",19750201,2.63,28.9
"GHCND:USC00235671","MOBERLY MO US",19750301,1.89,37.2
"GHCND:USC00235671","MOBERLY MO US",19750401,7.92,52.9
"GHCND:USC00235671","MOBERLY MO US",19750501,5.06,66.7
"GHCND:USC00235671","MOBERLY MO US",19750601,2.4,73.4
"GHCND:USC00235671","MOBERLY MO US",19750701,0.6,77.9
"GHCND:USC00235671","MOBERLY MO US",19750801,3.06,77.9
"GHCND:USC00235671","MOBERLY MO US",19750901,2.2,64.6
"GHCND:USC00235671","MOBERLY MO US",19751001,0.72,58.6
"GHCND:USC00235671","MOBERLY MO US",19751101,2.64,47.7
"GHCND:USC00235671","MOBERLY MO US",19751201,2.32,34.9
"GHCND:USC00235671","MOBERLY MO US",19760101,0.78,27.3
"GHCND:USC00235671","MOBERLY MO US",19760201,1.88,40.5
"GHCND:USC00235671","MOBERLY MO US",19760301,5.64,47.1
"GHCND:USC00235671","MOBERLY MO US",19760401,3.67,57
"GHCND:USC00235671","MOBERLY MO US",19760501,3.17,60.6
"GHCND:USC00235671","MOBERLY MO US",19760601,1.95,71.6
"GHCND:USC00235671","MOBERLY MO US",19760701,1.19,78.4
"GHCND:USC00235671","MOBERLY MO US",19760801,3.37,74.5
"GHCND:USC00235671","MOBERLY MO US",19760901,3.29,66.7
"GHCND:USC00235671","MOBERLY MO US",19761001,5.93,49.3
"GHCND:USC00235671","MOBERLY MO US",19761101,0.5,34.2
"GHCND:USC00235671","MOBERLY MO US",19761201,0.62,26.2
"GHCND:USC00235671","MOBERLY MO US",19770101,1.16,13.1
"GHCND:USC00235671","MOBERLY MO US",19770201,0.56,33.6
"GHCND:USC00235671","MOBERLY MO US",19770301,4.24,48.2
"GHCND:USC00235671","MOBERLY MO US",19770401,1.81,60.6
"GHCND:USC00235671","MOBERLY MO US",19770501,4.21,70.2
"GHCND:USC00235671","MOBERLY MO US",19770601,3.06,75.2
"GHCND:USC00235671","MOBERLY MO US",19770701,1.89,81
"GHCND:USC00235671","MOBERLY MO US",19770801,5.89,75.9
"GHCND:USC00235671","MOBERLY MO US",19770901,5.07,70.2
"GHCND:USC00235671","MOBERLY MO US",19771001,6.91,56.5
"GHCND:USC00235671","MOBERLY MO US",19771101,4.13,43
"GHCND:USC00235671","MOBERLY MO US",19771201,1.19,29.3
"GHCND:USC00235671","MOBERLY MO US",19780101,0.69,18.3
"GHCND:USC00235671","MOBERLY MO US",19780201,1.53,19.8
"GHCND:USC00235671","MOBERLY MO US",19780301,3.27,36.9
"GHCND:USC00235671","MOBERLY MO US",19780401,4.99,55.6
"GHCND:USC00235671","MOBERLY MO US",19780501,3.09,63.1
"GHCND:USC00235671","MOBERLY MO US",19780601,2.46,74.8
"GHCND:USC00235671","MOBERLY MO US",19780701,2.82,78.4
"GHCND:USC00235671","MOBERLY MO US",19780801,3.5,75
"GHCND:USC00235671","MOBERLY MO US",19780901,3.94,72.1
"GHCND:USC00235671","MOBERLY MO US",19781001,1.9,55.4
"GHCND:USC00235671","MOBERLY MO US",19781201,2.54,31.5
"GHCND:USC00235671","MOBERLY MO US",19790101,2.5,13.6
"GHCND:USC00235671","MOBERLY MO US",19790201,1.06,21.2
"GHCND:USC00235671","MOBERLY MO US",19790301,2.3,42.4
"GHCND:USC00235671","MOBERLY MO US",19790401,3.33,51.4
"GHCND:USC00235671","MOBERLY MO US",19790501,2.63,64.9
"GHCND:USC00235671","MOBERLY MO US",19790601,4.89,73.6
"GHCND:USC00235671","MOBERLY MO US",19790701,3.21,76.3
"GHCND:USC00235671","MOBERLY MO US",19790801,3.38,75.6
"GHCND:USC00235671","MOBERLY MO US",19790901,0,69.1
"GHCND:USC00235671","MOBERLY MO US",19791001,3.49,59.5
"GHCND:USC00235671","MOBERLY MO US",19791101,2.48,41.7
"GHCND:USC00235671","MOBERLY MO US",19791201,1.26,36.5
"GHCND:USC00235671","MOBERLY MO US",19800101,1.16,27.9
"GHCND:USC00235671","MOBERLY MO US",19800201,0.47,25.9
"GHCND:USC00235671","MOBERLY MO US",19800301,3.39,39.2
"GHCND:USC00235671","MOBERLY MO US",19800401,0.94,53.8
"GHCND:USC00235671","MOBERLY MO US",19800501,2.78,64.8
"GHCND:USC00235671","MOBERLY MO US",19800601,2.07,74.7
"GHCND:USC00235671","MOBERLY MO US",19800701,1.78,85.6
"GHCND:USC00235671","MOBERLY MO US",19800801,2.05,81.7
"GHCND:USC00235671","MOBERLY MO US",19800901,3.11,70.9
"GHCND:USC00235671","MOBERLY MO US",19801001,2.8,54.7
"GHCND:USC00235671","MOBERLY MO US",19801101,1.14,44.8
"GHCND:USC00235671","MOBERLY MO US",19801201,2.69,34.3
"GHCND:USC00235671","MOBERLY MO US",19810101,0.02,30
"GHCND:USC00235671","MOBERLY MO US",19810201,1.6,34.9
"GHCND:USC00235671","MOBERLY MO US",19810301,1.31,46.4
"GHCND:USC00235671","MOBERLY MO US",19810401,3.91,63.5
"GHCND:USC00235671","MOBERLY MO US",19810501,9.98,61
"GHCND:USC00235671","MOBERLY MO US",19810601,9.86,74.8
"GHCND:USC00235671","MOBERLY MO US",19810701,13.03,78.4
"GHCND:USC00235671","MOBERLY MO US",19810901,1.16,69.3
"GHCND:USC00235671","MOBERLY MO US",19811001,3.32,57.4
"GHCND:USC00235671","MOBERLY MO US",19811101,3.8,47.1
"GHCND:USC00235671","MOBERLY MO US",19820101,3.04,19.4
"GHCND:USC00235671","MOBERLY MO US",19820201,0.79,30.7
"GHCND:USC00235671","MOBERLY MO US",19820301,2.7,42.6
"GHCND:USC00235671","MOBERLY MO US",19820401,1.2,51.1
"GHCND:USC00235671","MOBERLY MO US",19820501,7.78,67.8
"GHCND:USC00235671","MOBERLY MO US",19820601,6.34,69.4
"GHCND:USC00235671","MOBERLY MO US",19820801,9.27,73.9
"GHCND:USC00235671","MOBERLY MO US",19821001,1.62,57.7
"GHCND:USC00235671","MOBERLY MO US",19821101,1.55,44.1
"GHCND:USC00235671","MOBERLY MO US",19821201,6.7,37.4
"GHCND:USC00235671","MOBERLY MO US",19830101,0.37,30.9
"GHCND:USC00235671","MOBERLY MO US",19830201,0.46,37.8
"GHCND:USC00235671","MOBERLY MO US",19830301,4.11,42.4
"GHCND:USC00235671","MOBERLY MO US",19830401,6.5,46.4
"GHCND:USC00235671","MOBERLY MO US",19830501,5.56,60.8
"GHCND:USC00235671","MOBERLY MO US",19830601,6.06,73.6
"GHCND:USC00235671","MOBERLY MO US",19830701,2.72,81.1
"GHCND:USC00235671","MOBERLY MO US",19830801,2.5,84.2
"GHCND:USC00235671","MOBERLY MO US",19830901,3.94,70.9
"GHCND:USC00235671","MOBERLY MO US",19831001,4.23,59.4
"GHCND:USC00235671","MOBERLY MO US",19831101,5.95,46.9
"GHCND:USC00235671","MOBERLY MO US",19831201,2.74,16.7
"GHCND:USC00235671","MOBERLY MO US",19840301,4.14,35.1
"GHCND:USC00235671","MOBERLY MO US",19840401,5.52,51.6
"GHCND:USC00235671","MOBERLY MO US",19840601,5.9,75
"GHCND:USC00235671","MOBERLY MO US",19840901,2.96,66
"GHCND:USC00235671","MOBERLY MO US",19841001,6.15,59
"GHCND:USC00235671","MOBERLY MO US",19841101,2.86,45.7
"GHCND:USC00235671","MOBERLY MO US",19841201,4.46,37.6
"GHCND:USC00235671","MOBERLY MO US",19850101,1.58,20.1
"GHCND:USC00235671","MOBERLY MO US",19850201,4.1,28.2
"GHCND:USC00235671","MOBERLY MO US",19850301,4.11,48.9
"GHCND:USC00235671","MOBERLY MO US",19850401,1.47,60.8
"GHCND:USC00235671","MOBERLY MO US",19850501,4.61,67.3
"GHCND:USC00235671","MOBERLY MO US",19850601,5.67,70.9
"GHCND:USC00235671","MOBERLY MO US",19850701,5.01,78.4
"GHCND:USC00235671","MOBERLY MO US",19850801,6.81,73.8
"GHCND:USC00235671","MOBERLY MO US",19850901,2.89,68.5
"GHCND:USC00235671","MOBERLY MO US",19851001,5.32,59.4
"GHCND:USC00235671","MOBERLY MO US",19851101,7.81,41.5
"GHCND:USC00235671","MOBERLY MO US",19851201,2.06,24.8
"GHCND:USC00235671","MOBERLY MO US",19860101,0,34.2
"GHCND:USC00235671","MOBERLY MO US",19860201,1.57,30.2
"GHCND:USC00235671","MOBERLY MO US",19860301,1.38,49.5
"GHCND:USC00235671","MOBERLY MO US",19860401,1.7,59.4
"GHCND:USC00235671","MOBERLY MO US",19860501,5.71,66.2
"GHCND:USC00235671","MOBERLY MO US",19860601,2.69,76.8
"GHCND:USC00235671","MOBERLY MO US",19860701,3.65,80.2
"GHCND:USC00235671","MOBERLY MO US",19860801,1.22,72.7
"GHCND:USC00235671","MOBERLY MO US",19860901,15.48,72.9
"GHCND:USC00235671","MOBERLY MO US",19861001,7.77,57.4
"GHCND:USC00235671","MOBERLY MO US",19861101,1.4,39
"GHCND:USC00235671","MOBERLY MO US",19861201,2.06,34
"GHCND:USC00235671","MOBERLY MO US",19870101,1.83,29.8
"GHCND:USC00235671","MOBERLY MO US",19870201,1.12,39.9
"GHCND:USC00235671","MOBERLY MO US",19870301,1.82,47.7
"GHCND:USC00235671","MOBERLY MO US",19870401,2.2,58.6
"GHCND:USC00235671","MOBERLY MO US",19870501,2.94,71.1
"GHCND:USC00235671","MOBERLY MO US",19870601,2.69,77
"GHCND:USC00235671","MOBERLY MO US",19870701,5.69,81
"GHCND:USC00235671","MOBERLY MO US",19870801,3.91,77.9
"GHCND:USC00235671","MOBERLY MO US",19870901,2.2,68.4
"GHCND:USC00235671","MOBERLY MO US",19871001,1.25,53.6
"GHCND:USC00235671","MOBERLY MO US",19871101,2.99,47.3
"GHCND:USC00235671","MOBERLY MO US",19871201,3.94,35.6
"GHCND:USC00235671","MOBERLY MO US",19880101,1.53,27.7
"GHCND:USC00235671","MOBERLY MO US",19880201,1.23,28.2
"GHCND:USC00235671","MOBERLY MO US",19880301,2.78,45.1
"GHCND:USC00235671","MOBERLY MO US",19880401,1.67,56.7
"GHCND:USC00235671","MOBERLY MO US",19880501,2.15,68.4
"GHCND:USC00235671","MOBERLY MO US",19880601,1.35,77.4
"GHCND:USC00235671","MOBERLY MO US",19880701,1.04,80.4
"GHCND:USC00235671","MOBERLY MO US",19880801,2.93,80.6
"GHCND:USC00235671","MOBERLY MO US",19880901,2.23,71.2
"GHCND:USC00235671","MOBERLY MO US",19881001,0.91,52.9
"GHCND:USC00235671","MOBERLY MO US",19881101,3.44,46.2
"GHCND:USC00235671","MOBERLY MO US",19881201,0.83,35.2
"GHCND:USC00235671","MOBERLY MO US",19890101,1.03,39.4
"GHCND:USC00235671","MOBERLY MO US",19890201,1.04,23.5
"GHCND:USC00235671","MOBERLY MO US",19890301,1.79,44.8
"GHCND:USC00235671","MOBERLY MO US",19890401,1.85,57.2
"GHCND:USC00235671","MOBERLY MO US",19890501,4.19,63.5
"GHCND:USC00235671","MOBERLY MO US",19890601,6.49,72.5
"GHCND:USC00235671","MOBERLY MO US",19890701,3.05,78.4
"GHCND:USC00235671","MOBERLY MO US",19890801,7.24,75.4
"GHCND:USC00235671","MOBERLY MO US",19890901,4.49,64.6
"GHCND:USC00235671","MOBERLY MO US",19891001,3.14,59.2
"GHCND:USC00235671","MOBERLY MO US",19891101,0.1,45.3
"GHCND:USC00235671","MOBERLY MO US",19891201,1.17,21.9
"GHCND:USC00235671","MOBERLY MO US",19900101,1.68,40.5
"GHCND:USC00235671","MOBERLY MO US",19900201,4.26,38.5
"GHCND:USC00235671","MOBERLY MO US",19900301,4.4,47.3
"GHCND:USC00235671","MOBERLY MO US",19900401,3.75,55
"GHCND:USC00235671","MOBERLY MO US",19900501,8.17,60.8
"GHCND:USC00235671","MOBERLY MO US",19900601,4.48,74.7
"GHCND:USC00235671","MOBERLY MO US",19900701,6.59,77.2
"GHCND:USC00235671","MOBERLY MO US",19900801,4.98,76.6
"GHCND:USC00235671","MOBERLY MO US",19900901,1.25,72.1
"GHCND:USC00235671","MOBERLY MO US",19901001,2.28,57.6
"GHCND:USC00235671","MOBERLY MO US",19901101,4.25,51.4
"GHCND:USC00235671","MOBERLY MO US",19901201,2.7,31.3
"GHCND:USC00235671","MOBERLY MO US",19910101,1.53,25.5
"GHCND:USC00235671","MOBERLY MO US",19910201,0.24,40.5
"GHCND:USC00235671","MOBERLY MO US",19910301,2.24,49.3
"GHCND:USC00235671","MOBERLY MO US",19910401,3.67,58.6
"GHCND:USC00235671","MOBERLY MO US",19910501,4.16,70.3
"GHCND:USC00235671","MOBERLY MO US",19910601,1.43,77.2
"GHCND:USC00235671","MOBERLY MO US",19910701,4.75,79.3
"GHCND:USC00235671","MOBERLY MO US",19910801,3.74,77.5
"GHCND:USC00235671","MOBERLY MO US",19910901,4.25,68.7
"GHCND:USC00235671","MOBERLY MO US",19911001,3.34,58.5
"GHCND:USC00235671","MOBERLY MO US",19911101,4.93,39.2
"GHCND:USC00235671","MOBERLY MO US",19911201,2.22,36.7
"GHCND:USC00235671","MOBERLY MO US",19920101,0.68,36.3
"GHCND:USC00235671","MOBERLY MO US",19920201,1.91,39.7
"GHCND:USC00235671","MOBERLY MO US",19920301,3.93,47.5
"GHCND:USC00235671","MOBERLY MO US",19920401,4.13,55.4
"GHCND:USC00235671","MOBERLY MO US",19920501,0.72,64
"GHCND:USC00235671","MOBERLY MO US",19920601,0.51,72.7
"GHCND:USC00235671","MOBERLY MO US",19920701,5.22,77.2
"GHCND:USC00235671","MOBERLY MO US",19920801,1.65,72
"GHCND:USC00235671","MOBERLY MO US",19920901,2.5,67.6
"GHCND:USC00235671","MOBERLY MO US",19921001,1.42,58.1
"GHCND:USC00235671","MOBERLY MO US",19921101,8.15,41.5
"GHCND:USC00235671","MOBERLY MO US",19921201,2.42,33.8
"GHCND:USC00235671","MOBERLY MO US",19930101,2.87,28.4
"GHCND:USC00235671","MOBERLY MO US",19930201,2.54,29.1
"GHCND:USC00235671","MOBERLY MO US",19930301,4.06,40.1
"GHCND:USC00235671","MOBERLY MO US",19930401,6.02,53.1
"GHCND:USC00235671","MOBERLY MO US",19930501,4.18,66.4
"GHCND:USC00235671","MOBERLY MO US",19930601,6.77,73.6
"GHCND:USC00235671","MOBERLY MO US",19930701,10.94,78.4
"GHCND:USC00235671","MOBERLY MO US",19930801,5.42,78.3
"GHCND:USC00235671","MOBERLY MO US",19930901,10.69,63.5
"GHCND:USC00235671","MOBERLY MO US",19931001,2.17,54.7
"GHCND:USC00235671","MOBERLY MO US",19931101,2.5,41.9
"GHCND:USC00235671","MOBERLY MO US",19931201,2.2,35.2
"GHCND:USC00235671","MOBERLY MO US",19940101,1.09,24.3
"GHCND:USC00235671","MOBERLY MO US",19940201,3.08,31.1
"GHCND:USC00235671","MOBERLY MO US",19940301,1.19,46.6
"GHCND:USC00235671","MOBERLY MO US",19940401,9.84,56.5
"GHCND:USC00235671","MOBERLY MO US",19940501,2.04,64.4
"GHCND:USC00235671","MOBERLY MO US",19940601,1.44,76.3
"GHCND:USC00235671","MOBERLY MO US",19940701,1.18,77
"GHCND:USC00235671","MOBERLY MO US",19940801,2.37,75.7
"GHCND:USC00235671","MOBERLY MO US",19940901,3.82,68
"GHCND:USC00235671","MOBERLY MO US",19941001,3.48,59
"GHCND:USC00235671","MOBERLY MO US",19941101,4.19,47.7
"GHCND:USC00235671","MOBERLY MO US",19941201,1.88,37.8
"GHCND:USC00235671","MOBERLY MO US",19950101,3.72,26.4
"GHCND:USC00235671","MOBERLY MO US",19950201,1.17,34.9
"GHCND:USC00235671","MOBERLY MO US",19950301,1.04,46.4
"GHCND:USC00235671","MOBERLY MO US",19950401,5.33,54.3
"GHCND:USC00235671","MOBERLY MO US",19950501,11.39,60.8
"GHCND:USC00235671","MOBERLY MO US",19950601,6.42,73.2
"GHCND:USC00235671","MOBERLY MO US",19950701,2.45,79.2
"GHCND:USC00235671","MOBERLY MO US",19950801,6.21,80.6
"GHCND:USC00235671","MOBERLY MO US",19950901,2.67,65.3
"GHCND:USC00235671","MOBERLY MO US",19951001,0.77,58.8
"GHCND:USC00235671","MOBERLY MO US",19951101,1.17,41.9
"GHCND:USC00235671","MOBERLY MO US",19951201,0.68,32.4
"GHCND:USC00235671","MOBERLY MO US",19960101,2.21,26.1
"GHCND:USC00235671","MOBERLY MO US",19960201,0.53,35.4
"GHCND:USC00235671","MOBERLY MO US",19960301,2.78,38.1
"GHCND:USC00235671","MOBERLY MO US",19960401,2.3,53.2
"GHCND:USC00235671","MOBERLY MO US",19960501,9.8,66
"GHCND:USC00235671","MOBERLY MO US",19960601,2.46,73.6
"GHCND:USC00235671","MOBERLY MO US",19960701,2.95,75.9
"GHCND:USC00235671","MOBERLY MO US",19960801,0.65,76.3
"GHCND:USC00235671","MOBERLY MO US",19960901,3.28,66
"GHCND:USC00235671","MOBERLY MO US",19961001,1.99,56.8
"GHCND:USC00235671","MOBERLY MO US",19961101,2.24,37.4
"GHCND:USC00235671","MOBERLY MO US",19961201,0.63,32.2
"GHCND:USC00235671","MOBERLY MO US",19970101,2.25,24.4
"GHCND:USC00235671","MOBERLY MO US",19970201,5.51,35.1
"GHCND:USC00235671","MOBERLY MO US",19970301,1.69,46.6
"GHCND:USC00235671","MOBERLY MO US",19970401,5,51.1
"GHCND:USC00235671","MOBERLY MO US",19970501,3.58,60.8
"GHCND:USC00235671","MOBERLY MO US",19970601,5.02,72.7
"GHCND:USC00235671","MOBERLY MO US",19970701,0.92,79
"GHCND:USC00235671","MOBERLY MO US",19970801,2.4,74.5
"GHCND:USC00235671","MOBERLY MO US",19970901,2.87,69.4
"GHCND:USC00235671","MOBERLY MO US",19971001,3.34,57.7
"GHCND:USC00235671","MOBERLY MO US",19971101,1.57,41.4
"GHCND:USC00235671","MOBERLY MO US",19971201,1.82,33.8
"GHCND:USC00235671","MOBERLY MO US",19980101,2.21,34.7
"GHCND:USC00235671","MOBERLY MO US",19980201,2.68,41.5
"GHCND:USC00235671","MOBERLY MO US",19980301,6.9,40.5
"GHCND:USC00235671","MOBERLY MO US",19980401,4.02,53.8
"GHCND:USC00235671","MOBERLY MO US",19980501,3.02,69.1
"GHCND:USC00235671","MOBERLY MO US",19980601,9.78,73
"GHCND:USC00235671","MOBERLY MO US",19980701,5.72,76.8
"GHCND:USC00235671","MOBERLY MO US",19980801,2.12,76.6
"GHCND:USC00235671","MOBERLY MO US",19980901,5.68,72.7
"GHCND:USC00235671","MOBERLY MO US",19981001,4.74,58.1
"GHCND:USC00235671","MOBERLY MO US",19981101,3.14,48.7
"GHCND:USC00235671","MOBERLY MO US",19981201,2.47,35.4
"GHCND:USC00235671","MOBERLY MO US",19990101,2.9,28.2
"GHCND:USC00235671","MOBERLY MO US",19990201,2.15,41.2
"GHCND:USC00235671","MOBERLY MO US",19990301,3.23,41.7
"GHCND:USC00235671","MOBERLY MO US",19990401,6.04,57.4
"GHCND:USC00235671","MOBERLY MO US",19990501,4.41,63.9
"GHCND:USC00235671","MOBERLY MO US",19990601,4.46,72.3
"GHCND:USC00235671","MOBERLY MO US",19990701,5.82,80.1
"GHCND:USC00235671","MOBERLY MO US",19990801,1.89,75
"GHCND:USC00235671","MOBERLY MO US",19990901,3.43,66.7
"GHCND:USC00235671","MOBERLY MO US",19991001,1.71,58.1
"GHCND:USC00235671","MOBERLY MO US",19991101,0.57,52
"GHCND:USC00235671","MOBERLY MO US",19991201,3.59,36.5
"GHCND:USC00235671","MOBERLY MO US",20000101,0.78,32.7
"GHCND:USC00235671","MOBERLY MO US",20000201,2.73,42.3
"GHCND:USC00235671","MOBERLY MO US",20000301,1.81,48.6
"GHCND:USC00235671","MOBERLY MO US",20000401,0.88,56.3
"GHCND:USC00235671","MOBERLY MO US",20000501,3.85,68.2
"GHCND:USC00235671","MOBERLY MO US",20000601,6.52,71.2
"GHCND:USC00235671","MOBERLY MO US",20000701,3.83,76.1
"GHCND:USC00235671","MOBERLY MO US",20000801,7.15,78.6
"GHCND:USC00235671","MOBERLY MO US",20000901,2.98,70
"GHCND:USC00235671","MOBERLY MO US",20001001,3.26,61.3
"GHCND:USC00235671","MOBERLY MO US",20001101,2.44,39.7
"GHCND:USC00235671","MOBERLY MO US",20001201,0.84,18.1
"GHCND:USC00235671","MOBERLY MO US",20010101,2.41,28.6
"GHCND:USC00235671","MOBERLY MO US",20010201,4.14,31.6
"GHCND:USC00235671","MOBERLY MO US",20010301,2.15,38.7
"GHCND:USC00235671","MOBERLY MO US",20010401,3.33,60.8
"GHCND:USC00235671","MOBERLY MO US",20010501,6.68,64.9
"GHCND:USC00235671","MOBERLY MO US",20010601,5.72,70.9
"GHCND:USC00235671","MOBERLY MO US",20010701,3.58,78.3
"GHCND:USC00235671","MOBERLY MO US",20010801,4.8,75.7
"GHCND:USC00235671","MOBERLY MO US",20010901,4.41,65.1
"GHCND:USC00235671","MOBERLY MO US",20011001,3.19,55.4
"GHCND:USC00235671","MOBERLY MO US",20011101,1,50.9
"GHCND:USC00235671","MOBERLY MO US",20011201,0.93,37.2
"GHCND:USC00235671","MOBERLY MO US",20020101,3.43,34.5
"GHCND:USC00235671","MOBERLY MO US",20020201,1.03,37.6
"GHCND:USC00235671","MOBERLY MO US",20020301,2.11,40.5
"GHCND:USC00235671","MOBERLY MO US",20020401,4.79,55.9
"GHCND:USC00235671","MOBERLY MO US",20020501,10.6,60.3
"GHCND:USC00235671","MOBERLY MO US",20020601,3.34,73.9
"GHCND:USC00235671","MOBERLY MO US",20020701,4.53,78.1
"GHCND:USC00235671","MOBERLY MO US",20020801,2.48,75.7
"GHCND:USC00235671","MOBERLY MO US",20020901,1.23,69.6
"GHCND:USC00235671","MOBERLY MO US",20021001,3.95,51.8
"GHCND:USC00235671","MOBERLY MO US",20021101,0.25,41.4
"GHCND:USC00235671","MOBERLY MO US",20021201,1.21,35.8
"GHCND:USC00235671","MOBERLY MO US",20030101,0.94,25.7
"GHCND:USC00235671","MOBERLY MO US",20030201,1.95,29.1
"GHCND:USC00235671","MOBERLY MO US",20030301,3,44.1
"GHCND:USC00235671","MOBERLY MO US",20030401,3.61,55.9
"GHCND:USC00235671","MOBERLY MO US",20030501,5.24,63
"GHCND:USC00235671","MOBERLY MO US",20030601,5.87,69.4
"GHCND:USC00235671","MOBERLY MO US",20030701,1.12,77.2
"GHCND:USC00235671","MOBERLY MO US",20030801,5.25,77.7
"GHCND:USC00235671","MOBERLY MO US",20030901,7.07,64
"GHCND:USC00235671","MOBERLY MO US",20031001,2.05,57.4
"GHCND:USC00235671","MOBERLY MO US",20031101,2.38,44.1
"GHCND:USC00235671","MOBERLY MO US",20031201,2.47,35.8
"GHCND:USC00235671","MOBERLY MO US",20040101,0.77,26.8
"GHCND:USC00235671","MOBERLY MO US",20040201,0.66,32.5
"GHCND:USC00235671","MOBERLY MO US",20040301,4.88,46.9
"GHCND:USC00235671","MOBERLY MO US",20040401,2.68,56.3
"GHCND:USC00235671","MOBERLY MO US",20040501,4.53,66.7
"GHCND:USC00235671","MOBERLY MO US",20040601,5.14,69.6
"GHCND:USC00235671","MOBERLY MO US",20040701,4.07,74.1
"GHCND:USC00235671","MOBERLY MO US",20040801,10.11,70.5
"GHCND:USC00235671","MOBERLY MO US",20040901,4.01,67.5
"GHCND:USC00235671","MOBERLY MO US",20041001,4.26,57.2
"GHCND:USC00235671","MOBERLY MO US",20041101,3.28,46
"GHCND:USC00235671","MOBERLY MO US",20041201,1.13,34.7
"GHCND:USC00235671","MOBERLY MO US",20050101,4.53,30.2
"GHCND:USC00235671","MOBERLY MO US",20050201,2.02,38.1
"GHCND:USC00235671","MOBERLY MO US",20050301,0.99,42.6
"GHCND:USC00235671","MOBERLY MO US",20050401,2.76,56.5
"GHCND:USC00235671","MOBERLY MO US",20050501,2.74,62.4
"GHCND:USC00235671","MOBERLY MO US",20050601,5.12,73.8
"GHCND:USC00235671","MOBERLY MO US",20050701,1.05,77.2
"GHCND:USC00235671","MOBERLY MO US",20050801,4.93,77
"GHCND:USC00235671","MOBERLY MO US",20050901,1.39,71.2
"GHCND:USC00235671","MOBERLY MO US",20051001,1.22,48.2
"GHCND:USC00235671","MOBERLY MO US",20051101,1.53,46.2
"GHCND:USC00235671","MOBERLY MO US",20051201,1.19,29.3
"GHCND:USC00235671","MOBERLY MO US",20060101,1.86,40.1
"GHCND:USC00235671","MOBERLY MO US",20060201,0.5,33.1
"GHCND:USC00235671","MOBERLY MO US",20060301,5.05,45.7
"GHCND:USC00235671","MOBERLY MO US",20060401,2.05,60.1
"GHCND:USC00235671","MOBERLY MO US",20060501,4.82,64
"GHCND:USC00235671","MOBERLY MO US",20060601,4.09,72.1
"GHCND:USC00235671","MOBERLY MO US",20060701,5.83,79
"GHCND:USC00235671","MOBERLY MO US",20060801,6.09,77
"GHCND:USC00235671","MOBERLY MO US",20060901,3.46,64.2
"GHCND:USC00235671","MOBERLY MO US",20061001,2.86,53.1
"GHCND:USC00235671","MOBERLY MO US",20061101,3.54,46
"GHCND:USC00235671","MOBERLY MO US",20061201,2.22,37.2
"GHCND:USC00235671","MOBERLY MO US",20070101,3.37,29.5
"GHCND:USC00235671","MOBERLY MO US",20070201,1.38,25.9
"GHCND:USC00235671","MOBERLY MO US",20070301,4.8,51.4
"GHCND:USC00235671","MOBERLY MO US",20070401,4.78,51.6
"GHCND:USC00235671","MOBERLY MO US",20070501,3.88,68
"GHCND:USC00235671","MOBERLY MO US",20070601,6.28,72.3
"GHCND:USC00235671","MOBERLY MO US",20070701,0.49,75
"GHCND:USC00235671","MOBERLY MO US",20070801,3.17,80.8
"GHCND:USC00235671","MOBERLY MO US",20070901,2.67,70.9
"GHCND:USC00235671","MOBERLY MO US",20071001,3.04,60.3
"GHCND:USC00235671","MOBERLY MO US",20071101,1.25,43.3
"GHCND:USC00235671","MOBERLY MO US",20071201,3.25,30.4
"GHCND:USC00235671","MOBERLY MO US",20080101,2.7,30
"GHCND:USC00235671","MOBERLY MO US",20080201,4.54,29.1
"GHCND:USC00235671","MOBERLY MO US",20080301,3.95,42.8
"GHCND:USC00235671","MOBERLY MO US",20080401,4.04,52.5
"GHCND:USC00235671","MOBERLY MO US",20080501,4.05,61.3
"GHCND:USC00235671","MOBERLY MO US",20080601,6.25,72.3
"GHCND:USC00235671","MOBERLY MO US",20080701,16.23,74.8
"GHCND:USC00235671","MOBERLY MO US",20080801,2.17,71.6
"GHCND:USC00235671","MOBERLY MO US",20080901,10.39,65.3
"GHCND:USC00235671","MOBERLY MO US",20081001,4.53,54.5
"GHCND:USC00235671","MOBERLY MO US",20081101,0.93,42.1
"GHCND:USC00235671","MOBERLY MO US",20081201,5.64,28
"GHCND:USC00235671","MOBERLY MO US",20090101,0.07,23.5
"GHCND:USC00235671","MOBERLY MO US",20090201,0.98,35.1
"GHCND:USC00235671","MOBERLY MO US",20090301,4.67,44.1
"GHCND:USC00235671","MOBERLY MO US",20090401,8.52,51.4
"GHCND:USC00235671","MOBERLY MO US",20090501,3.39,62.4
"GHCND:USC00235671","MOBERLY MO US",20090601,6.96,72.7
"GHCND:USC00235671","MOBERLY MO US",20090701,3.05,71.2
"GHCND:USC00235671","MOBERLY MO US",20090801,5.74,71.2
"GHCND:USC00235671","MOBERLY MO US",20090901,3.2,64.8
"GHCND:USC00235671","MOBERLY MO US",20091001,9.57,49.5
"GHCND:USC00235671","MOBERLY MO US",20091101,2.48,48.4
"GHCND:USC00235671","MOBERLY MO US",20091201,3.04,28.4
"GHCND:USC00235671","MOBERLY MO US",20100101,1.6,20.7
"GHCND:USC00235671","MOBERLY MO US",20100201,2.41,23.5
"GHCND:USC00235671","MOBERLY MO US",20100301,2.28,43.2
"GHCND:USC00235671","MOBERLY MO US",20100401,8.17,59.4
"GHCND:USC00235671","MOBERLY MO US",20100501,5.54,62.2
"GHCND:USC00235671","MOBERLY MO US",20100601,8.4,75.2
"GHCND:USC00235671","MOBERLY MO US",20100701,11.84,77.2
"GHCND:USC00235671","MOBERLY MO US",20100801,5.81,77
"GHCND:USC00235671","MOBERLY MO US",20100901,8.06,66.7
"GHCND:USC00235671","MOBERLY MO US",20101001,0.63,56.8
"GHCND:USC00235671","MOBERLY MO US",20101101,2.68,44.4
"GHCND:USC00235671","MOBERLY MO US",20101201,0.85,27.1
"GHCND:USC00235671","MOBERLY MO US",20110101,1.33,22.1
"GHCND:USC00235671","MOBERLY MO US",20110201,2.59,29.3
"GHCND:USC00235671","MOBERLY MO US",20110301,1.79,42.6
"GHCND:USC00235671","MOBERLY MO US",20110401,4.1,54.3
"GHCND:USC00235671","MOBERLY MO US",20110501,4.53,61.5
"GHCND:USC00235671","MOBERLY MO US",20110601,5.04,73.6
"GHCND:USC00235671","MOBERLY MO US",20110701,1.78,81.3
"GHCND:USC00235671","MOBERLY MO US",20110801,1.35,76.1
"GHCND:USC00235671","MOBERLY MO US",20110901,0.86,64.2
"GHCND:USC00235671","MOBERLY MO US",20111001,1,56.3
"GHCND:USC00235671","MOBERLY MO US",20111101,5.64,45.9
"GHCND:USC00235671","MOBERLY MO US",20111201,4.3,35.2
"GHCND:USC00235671","MOBERLY MO US",20120101,0.52,32.7
"GHCND:USC00235671","MOBERLY MO US",20120201,1.76,37.4
"GHCND:USC00235671","MOBERLY MO US",20120301,4.98,55.9
"GHCND:USC00235671","MOBERLY MO US",20120401,4.97,55.6
"GHCND:USC00235671","MOBERLY MO US",20120501,3.04,68
"GHCND:USC00235671","MOBERLY MO US",20120601,2.24,74.1
"GHCND:USC00235671","MOBERLY MO US",20120701,1.43,82.8
"GHCND:USC00235671","MOBERLY MO US",20120801,0.33,75.7
"GHCND:USC00235671","MOBERLY MO US",20120901,5.56,65.1
"GHCND:USC00235671","MOBERLY MO US",20121001,4.44,53.4
"GHCND:USC00235671","MOBERLY MO US",20121101,2.23,44.2
"GHCND:USC00235671","MOBERLY MO US",20121201,1.44,36.9
"GHCND:USC00235671","MOBERLY MO US",20130101,2.88,29.8
"GHCND:USC00235671","MOBERLY MO US",20130201,3.7,30.2
"GHCND:USC00235671","MOBERLY MO US",20130301,3.18,34
"GHCND:USC00235671","MOBERLY MO US",20130401,9.09,50.2
"GHCND:USC00235671","MOBERLY MO US",20130501,6.57,62.2
"GHCND:USC00235671","MOBERLY MO US",20130601,3.22,71.4
"GHCND:USC00235671","MOBERLY MO US",20130701,1.42,73.9
"GHCND:USC00235671","MOBERLY MO US",20130801,1.27,73.9
"GHCND:USC00235671","MOBERLY MO US",20130901,2.24,70
"GHCND:USC00235671","MOBERLY MO US",20131001,3.94,54.7
"GHCND:USC00235671","MOBERLY MO US",20131101,2.27,39.9
"GHCND:USC00235671","MOBERLY MO US",20131201,1.72,27.3
"GHCND:USC00235671","MOBERLY MO US",20140101,0.48,21.6
"GHCND:USC00235671","MOBERLY MO US",20140201,1.32,21.4
"GHCND:USC00235671","MOBERLY MO US",20140301,0.67,37.2
"GHCND:USC00235671","MOBERLY MO US",20140401,6.14,54
"GHCND:USC00235671","MOBERLY MO US",20140501,2.52,64.4
"GHCND:USC00235671","MOBERLY MO US",20140601,5.57,73.4
"GHCND:USC00235671","MOBERLY MO US",20140701,3.64,71.4
"GHCND:USC00235671","MOBERLY MO US",20140801,4.71,75.4
"GHCND:USC00235671","MOBERLY MO US",20140901,2.54,66.2
"GHCND:USC00235671","MOBERLY MO US",20141001,8.01,56.1
"GHCND:USC00235671","MOBERLY MO US",20141101,1.52,36.9
"GHCND:USC00235671","MOBERLY MO US",20141201,1.77,35.4
"GHCND:USC00235671","MOBERLY MO US",20150101,0.83,28.6
"GHCND:USC00235671","MOBERLY MO US",20150201,1.75,22.6
"GHCND:USC00235671","MOBERLY MO US",20150301,2.31,43
"GHCND:USC00235671","MOBERLY MO US",20150401,2.56,57.6
"GHCND:USC00235671","MOBERLY MO US",20150501,4.67,65.5
"GHCND:USC00235671","MOBERLY MO US",20150601,11.79,73.6
"GHCND:USC00235671","MOBERLY MO US",20150701,8.78,76.1
"GHCND:USC00235671","MOBERLY MO US",20150801,2.87,72.9
"GHCND:USC00235671","MOBERLY MO US",20150901,0.79,72
"GHCND:USC00235671","MOBERLY MO US",20151001,1.56,56.7
"GHCND:USC00235671","MOBERLY MO US",20151101,8.62,48.4
"GHCND:USC00235671","MOBERLY MO US",20151201,6.06,41.7
"GHCND:USC00235671","MOBERLY MO US",20160101,0.79,27.7
"GHCND:USC00235671","MOBERLY MO US",20160201,0.75,36.3
"GHCND:USC00235671","MOBERLY MO US",20160301,1.63,49.6
